168955,https://wine21.speedgabia.com/WINE_MST/TITLE/0168000/W0168955.png
168954,https://wine21.speedgabia.com/WINE_MST/TITLE/0168000/W0168954.png
168953,https://wine21.speedgabia.com/WINE_MST/IMAGE/0168000/T0168953_001.png
168952,https://wine21.speedgabia.com/WINE_MST/IMAGE/0168000/T0168952_001.png
168951,https://wine21.speedgabia.com/WINE_MST/TITLE/0168000/W0168951.png
168950,https://wine21.speedgabia.com/WINE_MST/TITLE/0168000/W0168950.png
168949,https://wine21.speedgabia.com/WINE_MST/TITLE/0168000/W0168949.png
168948,https://wine21.speedgabia.com/WINE_MST/TITLE/0168000/W0168948.png
168947,https://wine21.speedgabia.com/WINE_MST/TITLE/0168000/W0168947.png
168946,https://wine21.speedgabia.com/no_image2.jpg
168945,https://wine21.speedgabia.com/WINE_MST/TITLE/0168000/W0168945.png
168944,https://wine21.speedgabia.com/WINE_MST/TITLE/0168000/W0168944.png
168943,https://wine21.speedgabia.com/WINE_MST/TITLE/0168000/W0168943.png
168942,https://wine21.speedgabia.com/WINE_MST/TITLE/0168000/W0168942.png
168941,https://wine21.speedgabia.com/WINE_MST/TITLE/0168000/W0168941.png
168940,https://wine21.speedgabia.com/WINE_MST/TITLE/0168000/W0168940.png
168939,https://wine21.speedgabia.com/WINE_MST/TITLE/0168000/W0168939.png
168938,https://wine21.speedgabia.com/WINE_MST/TITLE/0168000/W0168938.png
168937,https://wine21.speedgabia.com/WINE_MST/TITLE/0168000/W0168937.png
168936,https://wine21.speedgabia.com/WINE_MST/TITLE/0168000/W0168936.png
168935,https://wine21.speedgabia.com/WINE_MST/TITLE/0168000/W0168935.png
168934,https://wine21.speedgabia.com/WINE_MST/TITLE/0168000/W0168934.png
168933,https://wine21.speedgabia.com/WINE_MST/TITLE/0168000/W0168933.png
168932,https://wine21.speedgabia.com/WINE_MST/TITLE/0168000/W0168932.png
168931,https://wine21.speedgabia.com/WINE_MST/TITLE/0168000/W0168931.png
168930,https://wine21.speedgabia.com/WINE_MST/TITLE/0168000/W0168930.png
168929,https://wine21.speedgabia.com/WINE_MST/TITLE/0168000/W0168929.png
168928,https://wine21.speedgabia.com/WINE_MST/TITLE/0168000/W0168928.png
168927,https://wine21.speedgabia.com/WINE_MST/TITLE/0168000/W0168927.png
168926,https://wine21.speedgabia.com/WINE_MST/TITLE/0168000/W0168926.png
168925,https://wine21.speedgabia.com/WINE_MST/TITLE/0168000/W0168925.png
168924,https://wine21.speedgabia.com/WINE_MST/TITLE/0168000/W0168924.png
168923,https://wine21.speedgabia.com/WINE_MST/IMAGE/0168000/T0168923_001.png
168921,https://wine21.speedgabia.com/WINE_MST/TITLE/0168000/W0168921.png
168920,https://wine21.speedgabia.com/WINE_MST/TITLE/0168000/W0168920.png
168919,https://wine21.speedgabia.com/WINE_MST/IMAGE/0168000/T0168919_001.png
168918,https://wine21.speedgabia.com/WINE_MST/IMAGE/0168000/T0168918_001.png
168904,https://wine21.speedgabia.com/WINE_MST/IMAGE/0168000/T0168904_001.png
168903,https://wine21.speedgabia.com/WINE_MST/IMAGE/0168000/T0168903_001.png
168902,https://wine21.speedgabia.com/WINE_MST/IMAGE/0168000/T0168902_001.png
168901,https://wine21.speedgabia.com/WINE_MST/IMAGE/0168000/T0168901_001.jpg
168900,https://wine21.speedgabia.com/WINE_MST/IMAGE/0168000/T0168900_001.jpg
168899,https://wine21.speedgabia.com/WINE_MST/IMAGE/0168000/T0168899_001.jpg
168898,https://wine21.speedgabia.com/WINE_MST/IMAGE/0168000/T0168898_001.jpg
168897,https://wine21.speedgabia.com/WINE_MST/IMAGE/0168000/T0168897_001.jpg
168896,https://wine21.speedgabia.com/WINE_MST/IMAGE/0168000/T0168896_001.png
168895,https://wine21.speedgabia.com/WINE_MST/TITLE/0168000/W0168895.png
168894,https://wine21.speedgabia.com/WINE_MST/TITLE/0168000/W0168894.png
168893,https://wine21.speedgabia.com/WINE_MST/TITLE/0168000/W0168893.png
168892,https://wine21.speedgabia.com/WINE_MST/TITLE/0168000/W0168892.png
168891,https://wine21.speedgabia.com/WINE_MST/TITLE/0168000/W0168891.png
168890,https://wine21.speedgabia.com/WINE_MST/TITLE/0168000/W0168890.png
168889,https://wine21.speedgabia.com/WINE_MST/TITLE/0168000/W0168889.png
168888,https://wine21.speedgabia.com/WINE_MST/TITLE/0168000/W0168888.png
168887,https://wine21.speedgabia.com/WINE_MST/TITLE/0168000/W0168887.png
168886,https://wine21.speedgabia.com/WINE_MST/TITLE/0168000/W0168886.png
168885,https://wine21.speedgabia.com/WINE_MST/TITLE/0168000/W0168885.png
168884,https://wine21.speedgabia.com/WINE_MST/TITLE/0168000/W0168884.png
168883,https://wine21.speedgabia.com/WINE_MST/TITLE/0168000/W0168883.png
168882,https://wine21.speedgabia.com/WINE_MST/TITLE/0168000/W0168882.png
168881,https://wine21.speedgabia.com/WINE_MST/TITLE/0168000/W0168881.png
168880,https://wine21.speedgabia.com/WINE_MST/TITLE/0168000/W0168880.png
168879,https://wine21.speedgabia.com/WINE_MST/TITLE/0168000/W0168879.png
168878,https://wine21.speedgabia.com/WINE_MST/TITLE/0168000/W0168878.png
168877,https://wine21.speedgabia.com/WINE_MST/TITLE/0168000/W0168877.png
168876,https://wine21.speedgabia.com/WINE_MST/TITLE/0168000/W0168876.png
168875,https://wine21.speedgabia.com/WINE_MST/TITLE/0168000/W0168875.png
168874,https://wine21.speedgabia.com/WINE_MST/TITLE/0168000/W0168874.png
168873,https://wine21.speedgabia.com/WINE_MST/TITLE/0168000/W0168873.png
168872,https://wine21.speedgabia.com/WINE_MST/TITLE/0168000/W0168872.png
168871,https://wine21.speedgabia.com/WINE_MST/TITLE/0168000/W0168871.png
168870,https://wine21.speedgabia.com/WINE_MST/TITLE/0168000/W0168870.png
168869,https://wine21.speedgabia.com/WINE_MST/TITLE/0168000/W0168869.png
168868,https://wine21.speedgabia.com/WINE_MST/TITLE/0168000/W0168868.png
168867,https://wine21.speedgabia.com/WINE_MST/TITLE/0168000/W0168867.png
168866,https://wine21.speedgabia.com/WINE_MST/TITLE/0168000/W0168866.png
168865,https://wine21.speedgabia.com/WINE_MST/TITLE/0168000/W0168865.png
168864,https://wine21.speedgabia.com/WINE_MST/TITLE/0168000/W0168864.png
168863,https://wine21.speedgabia.com/WINE_MST/TITLE/0168000/W0168863.png
168862,https://wine21.speedgabia.com/WINE_MST/TITLE/0168000/W0168862.png
168861,https://wine21.speedgabia.com/WINE_MST/TITLE/0168000/W0168861.png
168860,https://wine21.speedgabia.com/WINE_MST/TITLE/0168000/W0168860.png
168859,https://wine21.speedgabia.com/WINE_MST/TITLE/0168000/W0168859.png
168858,https://wine21.speedgabia.com/WINE_MST/TITLE/0168000/W0168858.png
168857,https://wine21.speedgabia.com/WINE_MST/TITLE/0168000/W0168857.png
168856,https://wine21.speedgabia.com/WINE_MST/TITLE/0168000/W0168856.png
168855,https://wine21.speedgabia.com/WINE_MST/TITLE/0168000/W0168855.png
168854,https://wine21.speedgabia.com/WINE_MST/TITLE/0168000/W0168854.png
168853,https://wine21.speedgabia.com/WINE_MST/TITLE/0168000/W0168853.png
168852,https://wine21.speedgabia.com/WINE_MST/TITLE/0168000/W0168852.png
168851,https://wine21.speedgabia.com/WINE_MST/TITLE/0168000/W0168851.png
168850,https://wine21.speedgabia.com/WINE_MST/TITLE/0168000/W0168850.png
168849,https://wine21.speedgabia.com/WINE_MST/TITLE/0168000/W0168849.png
168848,https://wine21.speedgabia.com/WINE_MST/TITLE/0168000/W0168848.png
168847,https://wine21.speedgabia.com/WINE_MST/TITLE/0168000/W0168847.png
168846,https://wine21.speedgabia.com/WINE_MST/TITLE/0168000/W0168846.png
168845,https://wine21.speedgabia.com/WINE_MST/TITLE/0168000/W0168845.png
168844,https://wine21.speedgabia.com/WINE_MST/TITLE/0168000/W0168844.png
168843,https://wine21.speedgabia.com/WINE_MST/TITLE/0168000/W0168843.png
168842,https://wine21.speedgabia.com/WINE_MST/TITLE/0168000/W0168842.png
168841,https://wine21.speedgabia.com/WINE_MST/TITLE/0168000/W0168841.png
168840,https://wine21.speedgabia.com/WINE_MST/TITLE/0168000/W0168840.png
168839,https://wine21.speedgabia.com/WINE_MST/TITLE/0168000/W0168839.png
168838,https://wine21.speedgabia.com/WINE_MST/TITLE/0168000/W0168838.png
168837,https://wine21.speedgabia.com/WINE_MST/TITLE/0168000/W0168837.png
168836,https://wine21.speedgabia.com/WINE_MST/TITLE/0168000/W0168836.png
168835,https://wine21.speedgabia.com/WINE_MST/TITLE/0168000/W0168835.png
168834,https://wine21.speedgabia.com/WINE_MST/TITLE/0168000/W0168834.png
168833,https://wine21.speedgabia.com/WINE_MST/TITLE/0168000/W0168833.png
168832,https://wine21.speedgabia.com/WINE_MST/TITLE/0168000/W0168832.png
168831,https://wine21.speedgabia.com/WINE_MST/TITLE/0168000/W0168831.png
168830,https://wine21.speedgabia.com/WINE_MST/TITLE/0168000/W0168830.png
168829,https://wine21.speedgabia.com/WINE_MST/TITLE/0168000/W0168829.png
168828,https://wine21.speedgabia.com/WINE_MST/TITLE/0168000/W0168828.png
168827,https://wine21.speedgabia.com/WINE_MST/TITLE/0168000/W0168827.png
168826,https://wine21.speedgabia.com/WINE_MST/TITLE/0168000/W0168826.png
168825,https://wine21.speedgabia.com/WINE_MST/TITLE/0168000/W0168825.png
168824,https://wine21.speedgabia.com/WINE_MST/TITLE/0168000/W0168824.png
168823,https://wine21.speedgabia.com/WINE_MST/TITLE/0168000/W0168823.png
168822,https://wine21.speedgabia.com/WINE_MST/TITLE/0168000/W0168822.png
168821,https://wine21.speedgabia.com/WINE_MST/TITLE/0168000/W0168821.png
168820,https://wine21.speedgabia.com/WINE_MST/TITLE/0168000/W0168820.png
168819,https://wine21.speedgabia.com/WINE_MST/TITLE/0168000/W0168819.png
168818,https://wine21.speedgabia.com/WINE_MST/TITLE/0168000/W0168818.png
168817,https://wine21.speedgabia.com/WINE_MST/TITLE/0168000/W0168817.png
168816,https://wine21.speedgabia.com/WINE_MST/TITLE/0168000/W0168816.png
168815,https://wine21.speedgabia.com/WINE_MST/TITLE/0168000/W0168815.png
168814,https://wine21.speedgabia.com/WINE_MST/TITLE/0168000/W0168814.png
168813,https://wine21.speedgabia.com/WINE_MST/TITLE/0168000/W0168813.png
168812,https://wine21.speedgabia.com/WINE_MST/TITLE/0168000/W0168812.png
168811,https://wine21.speedgabia.com/WINE_MST/TITLE/0168000/W0168811.png
168810,https://wine21.speedgabia.com/WINE_MST/TITLE/0168000/W0168810.png
168809,https://wine21.speedgabia.com/WINE_MST/TITLE/0168000/W0168809.png
168808,https://wine21.speedgabia.com/WINE_MST/TITLE/0168000/W0168808.png
168807,https://wine21.speedgabia.com/WINE_MST/TITLE/0168000/W0168807.png
168806,https://wine21.speedgabia.com/WINE_MST/TITLE/0168000/W0168806.png
168805,https://wine21.speedgabia.com/WINE_MST/TITLE/0168000/W0168805.png
168804,https://wine21.speedgabia.com/WINE_MST/TITLE/0168000/W0168804.png
168803,https://wine21.speedgabia.com/WINE_MST/TITLE/0168000/W0168803.png
168802,https://wine21.speedgabia.com/WINE_MST/TITLE/0168000/W0168802.png
168801,https://wine21.speedgabia.com/WINE_MST/TITLE/0168000/W0168801.png
168800,https://wine21.speedgabia.com/WINE_MST/TITLE/0168000/W0168800.png
168799,https://wine21.speedgabia.com/WINE_MST/TITLE/0168000/W0168799.png
168798,https://wine21.speedgabia.com/WINE_MST/TITLE/0168000/W0168798.png
168797,https://wine21.speedgabia.com/WINE_MST/TITLE/0168000/W0168797.png
168796,https://wine21.speedgabia.com/WINE_MST/TITLE/0168000/W0168796.png
168795,https://wine21.speedgabia.com/WINE_MST/TITLE/0168000/W0168795.png
168794,https://wine21.speedgabia.com/WINE_MST/TITLE/0168000/W0168794.png
168793,https://wine21.speedgabia.com/WINE_MST/TITLE/0168000/W0168793.png
168792,https://wine21.speedgabia.com/WINE_MST/TITLE/0168000/W0168792.png
168791,https://wine21.speedgabia.com/WINE_MST/TITLE/0168000/W0168791.png
168790,https://wine21.speedgabia.com/WINE_MST/TITLE/0168000/W0168790.png
168789,https://wine21.speedgabia.com/WINE_MST/TITLE/0168000/W0168789.png
168788,https://wine21.speedgabia.com/WINE_MST/TITLE/0168000/W0168788.png
168787,https://wine21.speedgabia.com/WINE_MST/TITLE/0168000/W0168787.png
168786,https://wine21.speedgabia.com/WINE_MST/TITLE/0168000/W0168786.png
168785,https://wine21.speedgabia.com/WINE_MST/TITLE/0168000/W0168785.png
168784,https://wine21.speedgabia.com/WINE_MST/TITLE/0168000/W0168784.png
168783,https://wine21.speedgabia.com/WINE_MST/TITLE/0168000/W0168783.png
168782,https://wine21.speedgabia.com/WINE_MST/TITLE/0168000/W0168782.png
168781,https://wine21.speedgabia.com/WINE_MST/TITLE/0168000/W0168781.png
168780,https://wine21.speedgabia.com/WINE_MST/TITLE/0168000/W0168780.png
168779,https://wine21.speedgabia.com/WINE_MST/TITLE/0168000/W0168779.png
168778,https://wine21.speedgabia.com/WINE_MST/TITLE/0168000/W0168778.png
168777,https://wine21.speedgabia.com/WINE_MST/TITLE/0168000/W0168777.png
168776,https://wine21.speedgabia.com/WINE_MST/TITLE/0168000/W0168776.png
168775,https://wine21.speedgabia.com/WINE_MST/TITLE/0168000/W0168775.png
168774,https://wine21.speedgabia.com/WINE_MST/TITLE/0168000/W0168774.png
168773,https://wine21.speedgabia.com/WINE_MST/TITLE/0168000/W0168773.png
168772,https://wine21.speedgabia.com/WINE_MST/TITLE/0168000/W0168772.png
168771,https://wine21.speedgabia.com/WINE_MST/TITLE/0168000/W0168771.png
168770,https://wine21.speedgabia.com/WINE_MST/TITLE/0168000/W0168770.png
168769,https://wine21.speedgabia.com/WINE_MST/TITLE/0168000/W0168769.png
168768,https://wine21.speedgabia.com/WINE_MST/TITLE/0168000/W0168768.png
168767,https://wine21.speedgabia.com/WINE_MST/TITLE/0168000/W0168767.png
168766,https://wine21.speedgabia.com/WINE_MST/TITLE/0168000/W0168766.png
168765,https://wine21.speedgabia.com/WINE_MST/TITLE/0168000/W0168765.png
168764,https://wine21.speedgabia.com/WINE_MST/TITLE/0168000/W0168764.png
168763,https://wine21.speedgabia.com/WINE_MST/TITLE/0168000/W0168763.png
168762,https://wine21.speedgabia.com/WINE_MST/TITLE/0168000/W0168762.png
168761,https://wine21.speedgabia.com/WINE_MST/TITLE/0168000/W0168761.png
168760,https://wine21.speedgabia.com/WINE_MST/TITLE/0168000/W0168760.png
168759,https://wine21.speedgabia.com/WINE_MST/TITLE/0168000/W0168759.png
168758,https://wine21.speedgabia.com/WINE_MST/TITLE/0168000/W0168758.png
168757,https://wine21.speedgabia.com/WINE_MST/TITLE/0168000/W0168757.png
168756,https://wine21.speedgabia.com/WINE_MST/TITLE/0168000/W0168756.png
168755,https://wine21.speedgabia.com/WINE_MST/TITLE/0168000/W0168755.png
168754,https://wine21.speedgabia.com/WINE_MST/TITLE/0168000/W0168754.png
168753,https://wine21.speedgabia.com/WINE_MST/TITLE/0168000/W0168753.png
168752,https://wine21.speedgabia.com/WINE_MST/TITLE/0168000/W0168752.png
168751,https://wine21.speedgabia.com/WINE_MST/TITLE/0168000/W0168751.png
168750,https://wine21.speedgabia.com/WINE_MST/TITLE/0168000/W0168750.png
168749,https://wine21.speedgabia.com/WINE_MST/TITLE/0168000/W0168749.png
168748,https://wine21.speedgabia.com/WINE_MST/TITLE/0168000/W0168748.png
168747,https://wine21.speedgabia.com/WINE_MST/TITLE/0168000/W0168747.png
168746,https://wine21.speedgabia.com/WINE_MST/TITLE/0168000/W0168746.png
168745,https://wine21.speedgabia.com/WINE_MST/TITLE/0168000/W0168745.png
168744,https://wine21.speedgabia.com/WINE_MST/TITLE/0168000/W0168744.png
168743,https://wine21.speedgabia.com/WINE_MST/TITLE/0168000/W0168743.png
168742,https://wine21.speedgabia.com/WINE_MST/TITLE/0168000/W0168742.png
168741,https://wine21.speedgabia.com/WINE_MST/TITLE/0168000/W0168741.png
168740,https://wine21.speedgabia.com/WINE_MST/TITLE/0168000/W0168740.png
168739,https://wine21.speedgabia.com/WINE_MST/TITLE/0168000/W0168739.png
168738,https://wine21.speedgabia.com/WINE_MST/TITLE/0168000/W0168738.png
168737,https://wine21.speedgabia.com/WINE_MST/TITLE/0168000/W0168737.png
168736,https://wine21.speedgabia.com/WINE_MST/TITLE/0168000/W0168736.png
168735,https://wine21.speedgabia.com/WINE_MST/TITLE/0168000/W0168735.png
168734,https://wine21.speedgabia.com/WINE_MST/TITLE/0168000/W0168734.png
168733,https://wine21.speedgabia.com/WINE_MST/TITLE/0168000/W0168733.png
168732,https://wine21.speedgabia.com/WINE_MST/TITLE/0168000/W0168732.png
168731,https://wine21.speedgabia.com/WINE_MST/TITLE/0168000/W0168731.png
168730,https://wine21.speedgabia.com/WINE_MST/TITLE/0168000/W0168730.png
168729,https://wine21.speedgabia.com/WINE_MST/TITLE/0168000/W0168729.png
168728,https://wine21.speedgabia.com/WINE_MST/TITLE/0168000/W0168728.png
168727,https://wine21.speedgabia.com/WINE_MST/TITLE/0168000/W0168727.png
168726,https://wine21.speedgabia.com/WINE_MST/TITLE/0168000/W0168726.png
168725,https://wine21.speedgabia.com/WINE_MST/TITLE/0168000/W0168725.png
168724,https://wine21.speedgabia.com/WINE_MST/TITLE/0168000/W0168724.png
168723,https://wine21.speedgabia.com/WINE_MST/TITLE/0168000/W0168723.png
168722,https://wine21.speedgabia.com/no_image2.jpg
168721,https://wine21.speedgabia.com/WINE_MST/TITLE/0168000/W0168721.png
168720,https://wine21.speedgabia.com/WINE_MST/TITLE/0168000/W0168720.png
168719,https://wine21.speedgabia.com/WINE_MST/TITLE/0168000/W0168719.png
168718,https://wine21.speedgabia.com/WINE_MST/TITLE/0168000/W0168718.png
168717,https://wine21.speedgabia.com/WINE_MST/TITLE/0168000/W0168717.png
168716,https://wine21.speedgabia.com/WINE_MST/TITLE/0168000/W0168716.png
168715,https://wine21.speedgabia.com/WINE_MST/TITLE/0168000/W0168715.png
168714,https://wine21.speedgabia.com/WINE_MST/TITLE/0168000/W0168714.png
168713,https://wine21.speedgabia.com/WINE_MST/TITLE/0168000/W0168713.png
168712,https://wine21.speedgabia.com/WINE_MST/TITLE/0168000/W0168712.png
168711,https://wine21.speedgabia.com/WINE_MST/TITLE/0168000/W0168711.png
168710,https://wine21.speedgabia.com/WINE_MST/TITLE/0168000/W0168710.png
168709,https://wine21.speedgabia.com/WINE_MST/TITLE/0168000/W0168709.png
168708,https://wine21.speedgabia.com/WINE_MST/TITLE/0168000/W0168708.png
168707,https://wine21.speedgabia.com/WINE_MST/TITLE/0168000/W0168707.png
168706,https://wine21.speedgabia.com/WINE_MST/TITLE/0168000/W0168706.png
168705,https://wine21.speedgabia.com/WINE_MST/TITLE/0168000/W0168705.png
168704,https://wine21.speedgabia.com/WINE_MST/TITLE/0168000/W0168704.png
168703,https://wine21.speedgabia.com/WINE_MST/TITLE/0168000/W0168703.png
168702,https://wine21.speedgabia.com/WINE_MST/TITLE/0168000/W0168702.png
168701,https://wine21.speedgabia.com/WINE_MST/TITLE/0168000/W0168701.png
168700,https://wine21.speedgabia.com/WINE_MST/TITLE/0168000/W0168700.png
168699,https://wine21.speedgabia.com/WINE_MST/TITLE/0168000/W0168699.png
168698,https://wine21.speedgabia.com/WINE_MST/TITLE/0168000/W0168698.png
168697,https://wine21.speedgabia.com/WINE_MST/TITLE/0168000/W0168697.png
168696,https://wine21.speedgabia.com/WINE_MST/TITLE/0168000/W0168696.png
168695,https://wine21.speedgabia.com/WINE_MST/TITLE/0168000/W0168695.png
168694,https://wine21.speedgabia.com/WINE_MST/TITLE/0168000/W0168694.png
168693,https://wine21.speedgabia.com/WINE_MST/TITLE/0168000/W0168693.png
168692,https://wine21.speedgabia.com/WINE_MST/TITLE/0168000/W0168692.png
168691,https://wine21.speedgabia.com/WINE_MST/TITLE/0168000/W0168691.png
168690,https://wine21.speedgabia.com/WINE_MST/TITLE/0168000/W0168690.png
168689,https://wine21.speedgabia.com/WINE_MST/TITLE/0168000/W0168689.png
168688,https://wine21.speedgabia.com/WINE_MST/TITLE/0168000/W0168688.png
168687,https://wine21.speedgabia.com/WINE_MST/TITLE/0168000/W0168687.png
168686,https://wine21.speedgabia.com/WINE_MST/TITLE/0168000/W0168686.png
168685,https://wine21.speedgabia.com/WINE_MST/TITLE/0168000/W0168685.png
168684,https://wine21.speedgabia.com/WINE_MST/TITLE/0168000/W0168684.png
168683,https://wine21.speedgabia.com/WINE_MST/TITLE/0168000/W0168683.png
168682,https://wine21.speedgabia.com/WINE_MST/TITLE/0168000/W0168682.png
168681,https://wine21.speedgabia.com/WINE_MST/TITLE/0168000/W0168681.png
168680,https://wine21.speedgabia.com/WINE_MST/TITLE/0168000/W0168680.png
168679,https://wine21.speedgabia.com/WINE_MST/TITLE/0168000/W0168679.png
168678,https://wine21.speedgabia.com/WINE_MST/TITLE/0168000/W0168678.png
168677,https://wine21.speedgabia.com/WINE_MST/TITLE/0168000/W0168677.png
168676,https://wine21.speedgabia.com/WINE_MST/TITLE/0168000/W0168676.png
168675,https://wine21.speedgabia.com/WINE_MST/TITLE/0168000/W0168675.png
168674,https://wine21.speedgabia.com/WINE_MST/TITLE/0168000/W0168674.png
168673,https://wine21.speedgabia.com/WINE_MST/TITLE/0168000/W0168673.png
168672,https://wine21.speedgabia.com/WINE_MST/TITLE/0168000/W0168672.png
168671,https://wine21.speedgabia.com/WINE_MST/TITLE/0168000/W0168671.png
168670,https://wine21.speedgabia.com/WINE_MST/TITLE/0168000/W0168670.png
168669,https://wine21.speedgabia.com/WINE_MST/TITLE/0168000/W0168669.png
168668,https://wine21.speedgabia.com/WINE_MST/TITLE/0168000/W0168668.png
168667,https://wine21.speedgabia.com/WINE_MST/TITLE/0168000/W0168667.png
168666,https://wine21.speedgabia.com/WINE_MST/TITLE/0168000/W0168666.png
168665,https://wine21.speedgabia.com/WINE_MST/TITLE/0168000/W0168665.png
168664,https://wine21.speedgabia.com/WINE_MST/TITLE/0168000/W0168664.png
168663,https://wine21.speedgabia.com/WINE_MST/TITLE/0168000/W0168663.png
168662,https://wine21.speedgabia.com/WINE_MST/TITLE/0168000/W0168662.png
168661,https://wine21.speedgabia.com/WINE_MST/TITLE/0168000/W0168661.png
168660,https://wine21.speedgabia.com/WINE_MST/TITLE/0168000/W0168660.png
168659,https://wine21.speedgabia.com/WINE_MST/TITLE/0168000/W0168659.png
168658,https://wine21.speedgabia.com/WINE_MST/TITLE/0168000/W0168658.png
168657,https://wine21.speedgabia.com/WINE_MST/TITLE/0168000/W0168657.png
168656,https://wine21.speedgabia.com/WINE_MST/TITLE/0168000/W0168656.png
168655,https://wine21.speedgabia.com/WINE_MST/TITLE/0168000/W0168655.png
168654,https://wine21.speedgabia.com/WINE_MST/TITLE/0168000/W0168654.png
168653,https://wine21.speedgabia.com/WINE_MST/TITLE/0168000/W0168653.png
168652,https://wine21.speedgabia.com/WINE_MST/TITLE/0168000/W0168652.png
168651,https://wine21.speedgabia.com/WINE_MST/TITLE/0168000/W0168651.png
168650,https://wine21.speedgabia.com/WINE_MST/TITLE/0168000/W0168650.png
168649,https://wine21.speedgabia.com/WINE_MST/TITLE/0168000/W0168649.png
168648,https://wine21.speedgabia.com/WINE_MST/TITLE/0168000/W0168648.png
168647,https://wine21.speedgabia.com/WINE_MST/TITLE/0168000/W0168647.png
168646,https://wine21.speedgabia.com/WINE_MST/TITLE/0168000/W0168646.png
168645,https://wine21.speedgabia.com/WINE_MST/TITLE/0168000/W0168645.png
168644,https://wine21.speedgabia.com/WINE_MST/TITLE/0168000/W0168644.png
168643,https://wine21.speedgabia.com/WINE_MST/TITLE/0168000/W0168643.png
168642,https://wine21.speedgabia.com/WINE_MST/TITLE/0168000/W0168642.png
168641,https://wine21.speedgabia.com/WINE_MST/TITLE/0168000/W0168641.png
168640,https://wine21.speedgabia.com/WINE_MST/TITLE/0168000/W0168640.png
168639,https://wine21.speedgabia.com/WINE_MST/TITLE/0168000/W0168639.png
168638,https://wine21.speedgabia.com/WINE_MST/TITLE/0168000/W0168638.png
168637,https://wine21.speedgabia.com/WINE_MST/TITLE/0168000/W0168637.png
168636,https://wine21.speedgabia.com/WINE_MST/TITLE/0168000/W0168636.png
168635,https://wine21.speedgabia.com/WINE_MST/TITLE/0168000/W0168635.png
168634,https://wine21.speedgabia.com/WINE_MST/TITLE/0168000/W0168634.png
168633,https://wine21.speedgabia.com/WINE_MST/TITLE/0168000/W0168633.png
168632,https://wine21.speedgabia.com/WINE_MST/TITLE/0168000/W0168632.png
168631,https://wine21.speedgabia.com/WINE_MST/TITLE/0168000/W0168631.png
168630,https://wine21.speedgabia.com/WINE_MST/TITLE/0168000/W0168630.png
168629,https://wine21.speedgabia.com/WINE_MST/TITLE/0168000/W0168629.png
168628,https://wine21.speedgabia.com/WINE_MST/TITLE/0168000/W0168628.png
168627,https://wine21.speedgabia.com/no_image2.jpg
168626,https://wine21.speedgabia.com/WINE_MST/TITLE/0168000/W0168626.png
168625,https://wine21.speedgabia.com/no_image2.jpg
168624,https://wine21.speedgabia.com/WINE_MST/TITLE/0168000/W0168624.png
168623,https://wine21.speedgabia.com/WINE_MST/TITLE/0168000/W0168623.png
168622,https://wine21.speedgabia.com/WINE_MST/TITLE/0168000/W0168622.png
168621,https://wine21.speedgabia.com/WINE_MST/TITLE/0168000/W0168621.png
168620,https://wine21.speedgabia.com/WINE_MST/TITLE/0168000/W0168620.png
168619,https://wine21.speedgabia.com/WINE_MST/TITLE/0168000/W0168619.png
168618,https://wine21.speedgabia.com/WINE_MST/TITLE/0168000/W0168618.png
168617,https://wine21.speedgabia.com/WINE_MST/TITLE/0168000/W0168617.png
168616,https://wine21.speedgabia.com/WINE_MST/TITLE/0168000/W0168616.png
168615,https://wine21.speedgabia.com/WINE_MST/TITLE/0168000/W0168615.png
168614,https://wine21.speedgabia.com/WINE_MST/TITLE/0168000/W0168614.png
168613,https://wine21.speedgabia.com/WINE_MST/TITLE/0168000/W0168613.png
168612,https://wine21.speedgabia.com/WINE_MST/TITLE/0168000/W0168612.png
168611,https://wine21.speedgabia.com/WINE_MST/TITLE/0168000/W0168611.png
168610,https://wine21.speedgabia.com/WINE_MST/TITLE/0168000/W0168610.png
168609,https://wine21.speedgabia.com/WINE_MST/TITLE/0168000/W0168609.png
168608,https://wine21.speedgabia.com/WINE_MST/TITLE/0168000/W0168608.png
168607,https://wine21.speedgabia.com/WINE_MST/TITLE/0168000/W0168607.png
168606,https://wine21.speedgabia.com/WINE_MST/TITLE/0168000/W0168606.png
168605,https://wine21.speedgabia.com/WINE_MST/TITLE/0168000/W0168605.png
168604,https://wine21.speedgabia.com/WINE_MST/TITLE/0168000/W0168604.png
168603,https://wine21.speedgabia.com/WINE_MST/TITLE/0168000/W0168603.png
168602,https://wine21.speedgabia.com/WINE_MST/TITLE/0168000/W0168602.png
168601,https://wine21.speedgabia.com/WINE_MST/TITLE/0168000/W0168601.png
168600,https://wine21.speedgabia.com/WINE_MST/TITLE/0168000/W0168600.png
168599,https://wine21.speedgabia.com/WINE_MST/TITLE/0168000/W0168599.png
168598,https://wine21.speedgabia.com/WINE_MST/TITLE/0168000/W0168598.png
168597,https://wine21.speedgabia.com/WINE_MST/TITLE/0168000/W0168597.png
168596,https://wine21.speedgabia.com/WINE_MST/TITLE/0168000/W0168596.png
168595,https://wine21.speedgabia.com/WINE_MST/TITLE/0168000/W0168595.png
168594,https://wine21.speedgabia.com/WINE_MST/TITLE/0168000/W0168594.png
168593,https://wine21.speedgabia.com/WINE_MST/TITLE/0168000/W0168593.png
168592,https://wine21.speedgabia.com/WINE_MST/TITLE/0168000/W0168592.png
168591,https://wine21.speedgabia.com/no_image2.jpg
168590,https://wine21.speedgabia.com/WINE_MST/TITLE/0168000/W0168590.png
168589,https://wine21.speedgabia.com/WINE_MST/TITLE/0168000/W0168589.png
168588,https://wine21.speedgabia.com/WINE_MST/TITLE/0168000/W0168588.png
168587,https://wine21.speedgabia.com/WINE_MST/TITLE/0168000/W0168587.png
168586,https://wine21.speedgabia.com/WINE_MST/TITLE/0168000/W0168586.png
168585,https://wine21.speedgabia.com/WINE_MST/TITLE/0168000/W0168585.png
168584,https://wine21.speedgabia.com/WINE_MST/TITLE/0168000/W0168584.png
168583,https://wine21.speedgabia.com/WINE_MST/TITLE/0168000/W0168583.png
168582,https://wine21.speedgabia.com/WINE_MST/TITLE/0168000/W0168582.png
168581,https://wine21.speedgabia.com/WINE_MST/TITLE/0168000/W0168581.png
168580,https://wine21.speedgabia.com/WINE_MST/TITLE/0168000/W0168580.png
168579,https://wine21.speedgabia.com/WINE_MST/TITLE/0168000/W0168579.png
168578,https://wine21.speedgabia.com/WINE_MST/TITLE/0168000/W0168578.png
168577,https://wine21.speedgabia.com/WINE_MST/TITLE/0168000/W0168577.png
168576,https://wine21.speedgabia.com/WINE_MST/TITLE/0168000/W0168576.png
168575,https://wine21.speedgabia.com/WINE_MST/TITLE/0168000/W0168575.png
168574,https://wine21.speedgabia.com/WINE_MST/TITLE/0168000/W0168574.png
168573,https://wine21.speedgabia.com/WINE_MST/TITLE/0168000/W0168573.png
168572,https://wine21.speedgabia.com/WINE_MST/TITLE/0168000/W0168572.png
168571,https://wine21.speedgabia.com/no_image2.jpg
168570,https://wine21.speedgabia.com/WINE_MST/TITLE/0168000/W0168570.png
168569,https://wine21.speedgabia.com/WINE_MST/TITLE/0168000/W0168569.png
168568,https://wine21.speedgabia.com/WINE_MST/TITLE/0168000/W0168568.png
168567,https://wine21.speedgabia.com/WINE_MST/TITLE/0168000/W0168567.png
168566,https://wine21.speedgabia.com/WINE_MST/TITLE/0168000/W0168566.png
168565,https://wine21.speedgabia.com/WINE_MST/TITLE/0168000/W0168565.png
168564,https://wine21.speedgabia.com/WINE_MST/TITLE/0168000/W0168564.png
168563,https://wine21.speedgabia.com/WINE_MST/TITLE/0168000/W0168563.png
168562,https://wine21.speedgabia.com/WINE_MST/TITLE/0168000/W0168562.png
168561,https://wine21.speedgabia.com/WINE_MST/TITLE/0168000/W0168561.png
168560,https://wine21.speedgabia.com/WINE_MST/TITLE/0168000/W0168560.png
168559,https://wine21.speedgabia.com/WINE_MST/TITLE/0168000/W0168559.png
168558,https://wine21.speedgabia.com/WINE_MST/TITLE/0168000/W0168558.png
168557,https://wine21.speedgabia.com/WINE_MST/TITLE/0168000/W0168557.png
168556,https://wine21.speedgabia.com/WINE_MST/TITLE/0168000/W0168556.png
168555,https://wine21.speedgabia.com/WINE_MST/TITLE/0168000/W0168555.png
168554,https://wine21.speedgabia.com/WINE_MST/TITLE/0168000/W0168554.png
168553,https://wine21.speedgabia.com/WINE_MST/TITLE/0168000/W0168553.png
168552,https://wine21.speedgabia.com/WINE_MST/TITLE/0168000/W0168552.png
168551,https://wine21.speedgabia.com/WINE_MST/TITLE/0168000/W0168551.png
168550,https://wine21.speedgabia.com/WINE_MST/TITLE/0168000/W0168550.png
168549,https://wine21.speedgabia.com/WINE_MST/TITLE/0168000/W0168549.png
168548,https://wine21.speedgabia.com/WINE_MST/TITLE/0168000/W0168548.png
168547,https://wine21.speedgabia.com/no_image2.jpg
168546,https://wine21.speedgabia.com/no_image2.jpg
168545,https://wine21.speedgabia.com/no_image2.jpg
168544,https://wine21.speedgabia.com/no_image2.jpg
168543,https://wine21.speedgabia.com/WINE_MST/TITLE/0168000/W0168543.png
168542,https://wine21.speedgabia.com/no_image2.jpg
168541,https://wine21.speedgabia.com/no_image2.jpg
168540,https://wine21.speedgabia.com/no_image2.jpg
168539,https://wine21.speedgabia.com/WINE_MST/TITLE/0168000/W0168539.png
168538,https://wine21.speedgabia.com/WINE_MST/TITLE/0168000/0168538.png
168537,https://wine21.speedgabia.com/WINE_MST/TITLE/0168000/W0168537.png
168536,https://wine21.speedgabia.com/WINE_MST/TITLE/0168000/W0168536.png
168535,https://wine21.speedgabia.com/WINE_MST/TITLE/0168000/W0168535.png
168534,https://wine21.speedgabia.com/WINE_MST/TITLE/0168000/W0168534.png
168533,https://wine21.speedgabia.com/WINE_MST/TITLE/0168000/W0168533.png
168532,https://wine21.speedgabia.com/WINE_MST/TITLE/0168000/W0168532.png
168531,https://wine21.speedgabia.com/WINE_MST/TITLE/0168000/W0168531.png
168530,https://wine21.speedgabia.com/WINE_MST/TITLE/0168000/W0168530.png
168529,https://wine21.speedgabia.com/no_image2.jpg
168528,https://wine21.speedgabia.com/WINE_MST/TITLE/0168000/W0168528.png
168527,https://wine21.speedgabia.com/WINE_MST/TITLE/0168000/W0168527.png
168526,https://wine21.speedgabia.com/WINE_MST/TITLE/0168000/W0168526.png
168525,https://wine21.speedgabia.com/WINE_MST/TITLE/0168000/W0168525.png
168524,https://wine21.speedgabia.com/WINE_MST/TITLE/0168000/W0168524.png
168523,https://wine21.speedgabia.com/WINE_MST/TITLE/0168000/W0168523.png
168522,https://wine21.speedgabia.com/WINE_MST/TITLE/0168000/W0168522.png
168521,https://wine21.speedgabia.com/WINE_MST/TITLE/0168000/W0168521.png
168520,https://wine21.speedgabia.com/WINE_MST/TITLE/0168000/W0168520.png
168519,https://wine21.speedgabia.com/WINE_MST/TITLE/0168000/W0168519.png
168518,https://wine21.speedgabia.com/WINE_MST/TITLE/0168000/W0168518.png
168517,https://wine21.speedgabia.com/WINE_MST/TITLE/0168000/W0168517.png
168516,https://wine21.speedgabia.com/WINE_MST/TITLE/0168000/W0168516.png
168515,https://wine21.speedgabia.com/WINE_MST/TITLE/0168000/W0168515.png
168514,https://wine21.speedgabia.com/WINE_MST/TITLE/0168000/W0168514.png
168513,https://wine21.speedgabia.com/WINE_MST/TITLE/0168000/W0168513.png
168512,https://wine21.speedgabia.com/WINE_MST/TITLE/0168000/W0168512.png
168511,https://wine21.speedgabia.com/WINE_MST/TITLE/0168000/W0168511.png
168510,https://wine21.speedgabia.com/WINE_MST/TITLE/0168000/W0168510.png
168509,https://wine21.speedgabia.com/WINE_MST/TITLE/0168000/W0168509.png
168508,https://wine21.speedgabia.com/WINE_MST/TITLE/0168000/W0168508.png
168507,https://wine21.speedgabia.com/WINE_MST/TITLE/0168000/W0168507.png
168506,https://wine21.speedgabia.com/WINE_MST/TITLE/0168000/W0168506.png
168505,https://wine21.speedgabia.com/WINE_MST/TITLE/0168000/W0168505.png
168504,https://wine21.speedgabia.com/WINE_MST/TITLE/0168000/W0168504.png
168503,https://wine21.speedgabia.com/WINE_MST/TITLE/0168000/W0168503.png
168502,https://wine21.speedgabia.com/WINE_MST/TITLE/0168000/W0168502.png
168501,https://wine21.speedgabia.com/WINE_MST/TITLE/0168000/W0168501.png
168500,https://wine21.speedgabia.com/WINE_MST/TITLE/0168000/W0168500.png
168499,https://wine21.speedgabia.com/WINE_MST/TITLE/0168000/W0168499.png
168498,https://wine21.speedgabia.com/WINE_MST/TITLE/0168000/W0168498.png
168497,https://wine21.speedgabia.com/WINE_MST/TITLE/0168000/W0168497.png
168496,https://wine21.speedgabia.com/WINE_MST/TITLE/0168000/W0168496.png
168495,https://wine21.speedgabia.com/WINE_MST/TITLE/0168000/W0168495.png
168494,https://wine21.speedgabia.com/WINE_MST/TITLE/0168000/W0168494.png
168493,https://wine21.speedgabia.com/WINE_MST/TITLE/0168000/W0168493.png
168492,https://wine21.speedgabia.com/WINE_MST/TITLE/0168000/W0168492.png
168491,https://wine21.speedgabia.com/WINE_MST/TITLE/0168000/W0168491.png
168490,https://wine21.speedgabia.com/WINE_MST/TITLE/0168000/W0168490.png
168489,https://wine21.speedgabia.com/WINE_MST/TITLE/0168000/W0168489.png
168488,https://wine21.speedgabia.com/WINE_MST/TITLE/0168000/W0168488.png
168487,https://wine21.speedgabia.com/WINE_MST/TITLE/0168000/W0168487.png
168486,https://wine21.speedgabia.com/WINE_MST/TITLE/0168000/W0168486.png
168485,https://wine21.speedgabia.com/WINE_MST/TITLE/0168000/W0168485.png
168484,https://wine21.speedgabia.com/WINE_MST/TITLE/0168000/W0168484.png
168483,https://wine21.speedgabia.com/WINE_MST/TITLE/0168000/W0168483.png
168482,https://wine21.speedgabia.com/WINE_MST/TITLE/0168000/W0168482.png
168481,https://wine21.speedgabia.com/WINE_MST/TITLE/0168000/W0168481.png
168480,https://wine21.speedgabia.com/WINE_MST/TITLE/0168000/W0168480.png
168479,https://wine21.speedgabia.com/WINE_MST/TITLE/0168000/W0168479.png
168478,https://wine21.speedgabia.com/WINE_MST/TITLE/0168000/W0168478.png
168477,https://wine21.speedgabia.com/WINE_MST/TITLE/0168000/W0168477.png
168476,https://wine21.speedgabia.com/WINE_MST/TITLE/0168000/W0168476.png
168475,https://wine21.speedgabia.com/WINE_MST/TITLE/0168000/W0168475.png
168474,https://wine21.speedgabia.com/WINE_MST/TITLE/0168000/W0168474.png
168473,https://wine21.speedgabia.com/WINE_MST/TITLE/0168000/W0168473.png
168472,https://wine21.speedgabia.com/WINE_MST/TITLE/0168000/W0168472.png
168471,https://wine21.speedgabia.com/WINE_MST/TITLE/0168000/W0168471.png
168470,https://wine21.speedgabia.com/WINE_MST/TITLE/0168000/W0168470.png
168469,https://wine21.speedgabia.com/WINE_MST/TITLE/0168000/W0168469.png
168468,https://wine21.speedgabia.com/WINE_MST/TITLE/0168000/W0168468.png
168467,https://wine21.speedgabia.com/WINE_MST/TITLE/0168000/W0168467.png
168466,https://wine21.speedgabia.com/WINE_MST/TITLE/0168000/W0168466.png
168465,https://wine21.speedgabia.com/WINE_MST/TITLE/0168000/W0168465.png
168464,https://wine21.speedgabia.com/WINE_MST/TITLE/0168000/W0168464.png
168463,https://wine21.speedgabia.com/WINE_MST/TITLE/0168000/W0168463.png
168462,https://wine21.speedgabia.com/WINE_MST/TITLE/0168000/W0168462.png
168461,https://wine21.speedgabia.com/WINE_MST/TITLE/0168000/W0168461.png
168460,https://wine21.speedgabia.com/WINE_MST/TITLE/0168000/W0168460.png
168459,https://wine21.speedgabia.com/WINE_MST/TITLE/0168000/W0168459.png
168458,https://wine21.speedgabia.com/WINE_MST/TITLE/0168000/W0168458.png
168457,https://wine21.speedgabia.com/WINE_MST/TITLE/0168000/W0168457.png
168456,https://wine21.speedgabia.com/no_image2.jpg
168455,https://wine21.speedgabia.com/WINE_MST/TITLE/0168000/W0168455.png
168454,https://wine21.speedgabia.com/WINE_MST/TITLE/0168000/W0168454.png
168453,https://wine21.speedgabia.com/WINE_MST/TITLE/0168000/W0168453.png
168452,https://wine21.speedgabia.com/WINE_MST/TITLE/0168000/W0168452.png
168451,https://wine21.speedgabia.com/WINE_MST/TITLE/0168000/W0168451.png
168450,https://wine21.speedgabia.com/WINE_MST/TITLE/0168000/W0168450.png
168449,https://wine21.speedgabia.com/WINE_MST/TITLE/0168000/W0168449.png
168448,https://wine21.speedgabia.com/WINE_MST/TITLE/0168000/W0168448.png
168447,https://wine21.speedgabia.com/WINE_MST/TITLE/0168000/W0168447.png
168446,https://wine21.speedgabia.com/WINE_MST/TITLE/0168000/W0168446.png
168445,https://wine21.speedgabia.com/WINE_MST/TITLE/0168000/W0168445.png
168444,https://wine21.speedgabia.com/WINE_MST/TITLE/0168000/W0168444.png
168443,https://wine21.speedgabia.com/WINE_MST/TITLE/0168000/W0168443.png
168442,https://wine21.speedgabia.com/WINE_MST/TITLE/0168000/W0168442.png
168441,https://wine21.speedgabia.com/WINE_MST/TITLE/0168000/W0168441.png
168440,https://wine21.speedgabia.com/WINE_MST/TITLE/0168000/W0168440.png
168439,https://wine21.speedgabia.com/WINE_MST/TITLE/0168000/W0168439.png
168438,https://wine21.speedgabia.com/WINE_MST/TITLE/0168000/W0168438.png
168437,https://wine21.speedgabia.com/WINE_MST/TITLE/0168000/W0168437.png
168436,https://wine21.speedgabia.com/WINE_MST/TITLE/0168000/W0168436.png
168435,https://wine21.speedgabia.com/WINE_MST/TITLE/0168000/W0168435.png
168434,https://wine21.speedgabia.com/WINE_MST/TITLE/0168000/W0168434.png
168433,https://wine21.speedgabia.com/WINE_MST/TITLE/0168000/W0168433.png
168432,https://wine21.speedgabia.com/WINE_MST/TITLE/0168000/W0168432.png
168431,https://wine21.speedgabia.com/WINE_MST/TITLE/0168000/W0168431.png
168430,https://wine21.speedgabia.com/WINE_MST/TITLE/0168000/W0168430.png
168429,https://wine21.speedgabia.com/WINE_MST/TITLE/0168000/W0168429.png
168428,https://wine21.speedgabia.com/WINE_MST/TITLE/0168000/W0168428.png
168427,https://wine21.speedgabia.com/WINE_MST/TITLE/0168000/W0168427.png
168426,https://wine21.speedgabia.com/WINE_MST/TITLE/0168000/W0168426.png
168425,https://wine21.speedgabia.com/WINE_MST/TITLE/0168000/W0168425.png
168424,https://wine21.speedgabia.com/WINE_MST/TITLE/0168000/W0168424.png
168423,https://wine21.speedgabia.com/WINE_MST/TITLE/0168000/W0168423.png
168422,https://wine21.speedgabia.com/WINE_MST/TITLE/0168000/W0168422.png
168421,https://wine21.speedgabia.com/no_image2.jpg
168420,https://wine21.speedgabia.com/no_image2.jpg
168419,https://wine21.speedgabia.com/no_image2.jpg
168418,https://wine21.speedgabia.com/WINE_MST/TITLE/0168000/W0168418.png
168417,https://wine21.speedgabia.com/WINE_MST/TITLE/0168000/W0168417.png
168416,https://wine21.speedgabia.com/WINE_MST/TITLE/0168000/W0168416.png
168415,https://wine21.speedgabia.com/WINE_MST/TITLE/0168000/W0168415.png
168414,https://wine21.speedgabia.com/WINE_MST/TITLE/0168000/W0168414.png
168413,https://wine21.speedgabia.com/WINE_MST/TITLE/0168000/W0168413.png
168412,https://wine21.speedgabia.com/WINE_MST/TITLE/0168000/W0168412.png
168411,https://wine21.speedgabia.com/WINE_MST/TITLE/0168000/W0168411.png
168410,https://wine21.speedgabia.com/WINE_MST/TITLE/0168000/W0168410.png
168409,https://wine21.speedgabia.com/WINE_MST/TITLE/0168000/W0168409.png
168408,https://wine21.speedgabia.com/WINE_MST/TITLE/0168000/W0168408.png
168407,https://wine21.speedgabia.com/WINE_MST/TITLE/0168000/W0168407.png
168406,https://wine21.speedgabia.com/WINE_MST/TITLE/0168000/W0168406.png
168405,https://wine21.speedgabia.com/WINE_MST/TITLE/0168000/W0168405.png
168404,https://wine21.speedgabia.com/WINE_MST/TITLE/0168000/W0168404.png
168403,https://wine21.speedgabia.com/WINE_MST/TITLE/0168000/W0168403.png
168402,https://wine21.speedgabia.com/WINE_MST/TITLE/0168000/W0168402.png
168401,https://wine21.speedgabia.com/WINE_MST/TITLE/0168000/W0168401.png
168400,https://wine21.speedgabia.com/WINE_MST/TITLE/0168000/W0168400.png
168399,https://wine21.speedgabia.com/WINE_MST/TITLE/0168000/W0168399.png
168398,https://wine21.speedgabia.com/WINE_MST/TITLE/0168000/W0168398.png
168397,https://wine21.speedgabia.com/WINE_MST/TITLE/0168000/W0168397.png
168396,https://wine21.speedgabia.com/WINE_MST/TITLE/0168000/W0168396.png
168395,https://wine21.speedgabia.com/WINE_MST/TITLE/0168000/W0168395.png
168394,https://wine21.speedgabia.com/WINE_MST/TITLE/0168000/W0168394.png
168393,https://wine21.speedgabia.com/WINE_MST/TITLE/0168000/W0168393.png
168392,https://wine21.speedgabia.com/WINE_MST/TITLE/0168000/W0168392.png
168391,https://wine21.speedgabia.com/WINE_MST/TITLE/0168000/W0168391.png
168390,https://wine21.speedgabia.com/WINE_MST/TITLE/0168000/W0168390.png
168389,https://wine21.speedgabia.com/WINE_MST/TITLE/0168000/W0168389.png
168388,https://wine21.speedgabia.com/no_image2.jpg
168387,https://wine21.speedgabia.com/WINE_MST/TITLE/0168000/W0168387.png
168386,https://wine21.speedgabia.com/WINE_MST/TITLE/0168000/W0168386.png
168385,https://wine21.speedgabia.com/WINE_MST/TITLE/0168000/W0168385.png
168384,https://wine21.speedgabia.com/WINE_MST/TITLE/0168000/W0168384.png
168383,https://wine21.speedgabia.com/WINE_MST/TITLE/0168000/W0168383.png
168382,https://wine21.speedgabia.com/WINE_MST/TITLE/0168000/W0168382.png
168381,https://wine21.speedgabia.com/WINE_MST/TITLE/0168000/W0168381.png
168380,https://wine21.speedgabia.com/WINE_MST/TITLE/0168000/W0168380.png
168379,https://wine21.speedgabia.com/WINE_MST/TITLE/0168000/W0168379.png
168378,https://wine21.speedgabia.com/no_image2.jpg
168377,https://wine21.speedgabia.com/no_image2.jpg
168376,https://wine21.speedgabia.com/WINE_MST/TITLE/0168000/W0168376.png
168375,https://wine21.speedgabia.com/WINE_MST/TITLE/0168000/W0168375.png
168374,https://wine21.speedgabia.com/WINE_MST/TITLE/0168000/W0168374.png
168373,https://wine21.speedgabia.com/WINE_MST/TITLE/0168000/W0168373.png
168372,https://wine21.speedgabia.com/WINE_MST/TITLE/0168000/W0168372.png
168371,https://wine21.speedgabia.com/WINE_MST/TITLE/0168000/W0168371.png
168370,https://wine21.speedgabia.com/WINE_MST/TITLE/0168000/W0168370.png
168369,https://wine21.speedgabia.com/WINE_MST/TITLE/0168000/W0168369.png
168368,https://wine21.speedgabia.com/WINE_MST/TITLE/0168000/W0168368.png
168367,https://wine21.speedgabia.com/WINE_MST/TITLE/0168000/W0168367.png
168366,https://wine21.speedgabia.com/WINE_MST/TITLE/0168000/W0168366.png
168365,https://wine21.speedgabia.com/WINE_MST/TITLE/0168000/W0168365.png
168364,https://wine21.speedgabia.com/WINE_MST/TITLE/0168000/W0168364.png
168363,https://wine21.speedgabia.com/WINE_MST/TITLE/0168000/W0168363.png
168362,https://wine21.speedgabia.com/WINE_MST/TITLE/0168000/W0168362.png
168361,https://wine21.speedgabia.com/WINE_MST/TITLE/0168000/W0168361.png
168360,https://wine21.speedgabia.com/WINE_MST/TITLE/0168000/W0168360.png
168359,https://wine21.speedgabia.com/WINE_MST/TITLE/0168000/W0168359.png
168358,https://wine21.speedgabia.com/WINE_MST/TITLE/0168000/W0168358.png
168357,https://wine21.speedgabia.com/WINE_MST/TITLE/0168000/W0168357.png
168356,https://wine21.speedgabia.com/WINE_MST/TITLE/0168000/W0168356.png
168355,https://wine21.speedgabia.com/WINE_MST/TITLE/0168000/W0168355.png
168354,https://wine21.speedgabia.com/WINE_MST/TITLE/0168000/W0168354.png
168353,https://wine21.speedgabia.com/WINE_MST/TITLE/0168000/W0168353.png
168352,https://wine21.speedgabia.com/WINE_MST/TITLE/0168000/W0168352.png
168351,https://wine21.speedgabia.com/WINE_MST/TITLE/0168000/W0168351.png
168350,https://wine21.speedgabia.com/WINE_MST/TITLE/0168000/W0168350.jpg
168349,https://wine21.speedgabia.com/WINE_MST/TITLE/0168000/W0168349.png
168348,https://wine21.speedgabia.com/WINE_MST/TITLE/0168000/W0168348.png
168347,https://wine21.speedgabia.com/WINE_MST/TITLE/0168000/0168347.png
168346,https://wine21.speedgabia.com/WINE_MST/TITLE/0168000/0168346.png
168345,https://wine21.speedgabia.com/WINE_MST/TITLE/0168000/W0168345.png
168344,https://wine21.speedgabia.com/WINE_MST/TITLE/0168000/W0168344.png
168343,https://wine21.speedgabia.com/WINE_MST/TITLE/0168000/0168343.png
168342,https://wine21.speedgabia.com/WINE_MST/TITLE/0168000/W0168342.png
168341,https://wine21.speedgabia.com/WINE_MST/TITLE/0168000/W0168341.png
168340,https://wine21.speedgabia.com/no_image2.jpg
168339,https://wine21.speedgabia.com/no_image2.jpg
168338,https://wine21.speedgabia.com/WINE_MST/TITLE/0168000/0168338.png
168337,https://wine21.speedgabia.com/WINE_MST/TITLE/0168000/0168337.jpg
168336,https://wine21.speedgabia.com/WINE_MST/TITLE/0168000/W0168336.png
168335,https://wine21.speedgabia.com/WINE_MST/TITLE/0168000/W0168335.png
168334,https://wine21.speedgabia.com/WINE_MST/TITLE/0168000/W0168334.png
168333,https://wine21.speedgabia.com/WINE_MST/TITLE/0168000/W0168333.png
168332,https://wine21.speedgabia.com/WINE_MST/TITLE/0168000/W0168332.png
168331,https://wine21.speedgabia.com/WINE_MST/TITLE/0168000/W0168331.png
168330,https://wine21.speedgabia.com/WINE_MST/TITLE/0168000/W0168330.png
168329,https://wine21.speedgabia.com/WINE_MST/TITLE/0168000/W0168329.png
168328,https://wine21.speedgabia.com/WINE_MST/TITLE/0168000/W0168328.png
168327,https://wine21.speedgabia.com/WINE_MST/TITLE/0168000/W0168327.png
168326,https://wine21.speedgabia.com/WINE_MST/TITLE/0168000/W0168326.png
168325,https://wine21.speedgabia.com/WINE_MST/TITLE/0168000/W0168325.png
168324,https://wine21.speedgabia.com/WINE_MST/TITLE/0168000/W0168324.png
168323,https://wine21.speedgabia.com/WINE_MST/TITLE/0168000/W0168323.png
168322,https://wine21.speedgabia.com/WINE_MST/TITLE/0168000/W0168322.png
168321,https://wine21.speedgabia.com/WINE_MST/TITLE/0168000/W0168321.png
168320,https://wine21.speedgabia.com/WINE_MST/TITLE/0168000/W0168320.png
168319,https://wine21.speedgabia.com/WINE_MST/TITLE/0168000/W0168319.png
168318,https://wine21.speedgabia.com/WINE_MST/TITLE/0168000/W0168318.png
168317,https://wine21.speedgabia.com/WINE_MST/TITLE/0168000/W0168317.png
168316,https://wine21.speedgabia.com/WINE_MST/TITLE/0168000/W0168316.png
168315,https://wine21.speedgabia.com/WINE_MST/TITLE/0168000/W0168315.png
168314,https://wine21.speedgabia.com/WINE_MST/TITLE/0168000/W0168314.png
168313,https://wine21.speedgabia.com/WINE_MST/TITLE/0168000/W0168313.png
168312,https://wine21.speedgabia.com/WINE_MST/TITLE/0168000/W0168312.png
168311,https://wine21.speedgabia.com/WINE_MST/TITLE/0168000/W0168311.png
168310,https://wine21.speedgabia.com/WINE_MST/TITLE/0168000/W0168310.png
168309,https://wine21.speedgabia.com/WINE_MST/TITLE/0168000/W0168309.png
168308,https://wine21.speedgabia.com/no_image2.jpg
168307,https://wine21.speedgabia.com/no_image2.jpg
168306,https://wine21.speedgabia.com/WINE_MST/TITLE/0168000/W0168306.png
168305,https://wine21.speedgabia.com/WINE_MST/TITLE/0168000/W0168305.png
168304,https://wine21.speedgabia.com/WINE_MST/TITLE/0168000/W0168304.png
168303,https://wine21.speedgabia.com/WINE_MST/TITLE/0168000/W0168303.png
168302,https://wine21.speedgabia.com/WINE_MST/TITLE/0168000/W0168302.png
168301,https://wine21.speedgabia.com/WINE_MST/TITLE/0168000/W0168301.png
168300,https://wine21.speedgabia.com/no_image2.jpg
168299,https://wine21.speedgabia.com/no_image2.jpg
168298,https://wine21.speedgabia.com/no_image2.jpg
168297,https://wine21.speedgabia.com/no_image2.jpg
168296,https://wine21.speedgabia.com/no_image2.jpg
168295,https://wine21.speedgabia.com/no_image2.jpg
168294,https://wine21.speedgabia.com/no_image2.jpg
168293,https://wine21.speedgabia.com/WINE_MST/TITLE/0168000/W0168293.png
168292,https://wine21.speedgabia.com/WINE_MST/TITLE/0168000/W0168292.png
168291,https://wine21.speedgabia.com/WINE_MST/TITLE/0168000/W0168291.png
168290,https://wine21.speedgabia.com/WINE_MST/TITLE/0168000/W0168290.png
168289,https://wine21.speedgabia.com/WINE_MST/TITLE/0168000/W0168289.png
168288,https://wine21.speedgabia.com/WINE_MST/TITLE/0168000/W0168288.png
168287,https://wine21.speedgabia.com/WINE_MST/TITLE/0168000/W0168287.png
168286,https://wine21.speedgabia.com/WINE_MST/TITLE/0168000/W0168286.png
168285,https://wine21.speedgabia.com/WINE_MST/TITLE/0168000/W0168285.png
168284,https://wine21.speedgabia.com/WINE_MST/TITLE/0168000/W0168284.png
168283,https://wine21.speedgabia.com/WINE_MST/TITLE/0168000/W0168283.png
168282,https://wine21.speedgabia.com/WINE_MST/TITLE/0168000/W0168282.png
168281,https://wine21.speedgabia.com/WINE_MST/TITLE/0168000/W0168281.png
168280,https://wine21.speedgabia.com/WINE_MST/TITLE/0168000/W0168280.png
168279,https://wine21.speedgabia.com/WINE_MST/TITLE/0168000/W0168279.png
168278,https://wine21.speedgabia.com/WINE_MST/TITLE/0168000/W0168278.png
168277,https://wine21.speedgabia.com/WINE_MST/TITLE/0168000/W0168277.png
168276,https://wine21.speedgabia.com/WINE_MST/TITLE/0168000/W0168276.png
168275,https://wine21.speedgabia.com/WINE_MST/TITLE/0168000/W0168275.png
168274,https://wine21.speedgabia.com/WINE_MST/TITLE/0168000/W0168274.png
168273,https://wine21.speedgabia.com/WINE_MST/TITLE/0168000/W0168273.png
168272,https://wine21.speedgabia.com/WINE_MST/TITLE/0168000/W0168272.png
168271,https://wine21.speedgabia.com/WINE_MST/TITLE/0168000/W0168271.png
168270,https://wine21.speedgabia.com/WINE_MST/TITLE/0168000/W0168270.png
168269,https://wine21.speedgabia.com/WINE_MST/TITLE/0168000/W0168269.png
168268,https://wine21.speedgabia.com/WINE_MST/TITLE/0168000/W0168268.png
168267,https://wine21.speedgabia.com/WINE_MST/TITLE/0168000/W0168267.png
168266,https://wine21.speedgabia.com/WINE_MST/TITLE/0168000/W0168266.png
168265,https://wine21.speedgabia.com/WINE_MST/TITLE/0168000/W0168265.png
168264,https://wine21.speedgabia.com/WINE_MST/TITLE/0168000/W0168264.png
168263,https://wine21.speedgabia.com/WINE_MST/TITLE/0168000/W0168263.png
168262,https://wine21.speedgabia.com/WINE_MST/TITLE/0168000/W0168262.png
168261,https://wine21.speedgabia.com/WINE_MST/TITLE/0168000/W0168261.png
168260,https://wine21.speedgabia.com/WINE_MST/TITLE/0168000/W0168260.png
168259,https://wine21.speedgabia.com/WINE_MST/TITLE/0168000/W0168259.png
168258,https://wine21.speedgabia.com/WINE_MST/TITLE/0168000/W0168258.png
168257,https://wine21.speedgabia.com/WINE_MST/TITLE/0168000/W0168257.png
168256,https://wine21.speedgabia.com/WINE_MST/TITLE/0168000/W0168256.png
168255,https://wine21.speedgabia.com/WINE_MST/TITLE/0168000/W0168255.png
168254,https://wine21.speedgabia.com/WINE_MST/TITLE/0168000/W0168254.png
168253,https://wine21.speedgabia.com/WINE_MST/TITLE/0168000/W0168253.png
168252,https://wine21.speedgabia.com/WINE_MST/TITLE/0168000/W0168252.png
168251,https://wine21.speedgabia.com/WINE_MST/TITLE/0168000/W0168251.png
168250,https://wine21.speedgabia.com/WINE_MST/TITLE/0168000/W0168250.png
168249,https://wine21.speedgabia.com/WINE_MST/TITLE/0168000/W0168249.png
168248,https://wine21.speedgabia.com/WINE_MST/TITLE/0168000/W0168248.png
168247,https://wine21.speedgabia.com/WINE_MST/TITLE/0168000/W0168247.png
168246,https://wine21.speedgabia.com/WINE_MST/TITLE/0168000/W0168246.png
168245,https://wine21.speedgabia.com/WINE_MST/TITLE/0168000/W0168245.png
168244,https://wine21.speedgabia.com/WINE_MST/TITLE/0168000/W0168244.png
168243,https://wine21.speedgabia.com/WINE_MST/TITLE/0168000/W0168243.png
168242,https://wine21.speedgabia.com/WINE_MST/TITLE/0168000/W0168242.png
168241,https://wine21.speedgabia.com/WINE_MST/TITLE/0168000/W0168241.png
168240,https://wine21.speedgabia.com/no_image2.jpg
168239,https://wine21.speedgabia.com/no_image2.jpg
168238,https://wine21.speedgabia.com/WINE_MST/TITLE/0168000/W0168238.png
168237,https://wine21.speedgabia.com/WINE_MST/TITLE/0168000/W0168237.png
168236,https://wine21.speedgabia.com/WINE_MST/TITLE/0168000/W0168236.png
168235,https://wine21.speedgabia.com/WINE_MST/TITLE/0168000/W0168235.png
168234,https://wine21.speedgabia.com/WINE_MST/TITLE/0168000/W0168234.png
168233,https://wine21.speedgabia.com/WINE_MST/TITLE/0168000/W0168233.png
168232,https://wine21.speedgabia.com/WINE_MST/TITLE/0168000/W0168232.png
168231,https://wine21.speedgabia.com/WINE_MST/TITLE/0168000/W0168231.png
168230,https://wine21.speedgabia.com/WINE_MST/TITLE/0168000/W0168230.png
168229,https://wine21.speedgabia.com/WINE_MST/TITLE/0168000/W0168229.png
168228,https://wine21.speedgabia.com/WINE_MST/TITLE/0168000/W0168228.png
168227,https://wine21.speedgabia.com/WINE_MST/TITLE/0168000/W0168227.png
168226,https://wine21.speedgabia.com/WINE_MST/TITLE/0168000/W0168226.png
168225,https://wine21.speedgabia.com/WINE_MST/TITLE/0168000/W0168225.png
168224,https://wine21.speedgabia.com/WINE_MST/TITLE/0168000/W0168224.png
168223,https://wine21.speedgabia.com/WINE_MST/TITLE/0168000/W0168223.png
168222,https://wine21.speedgabia.com/WINE_MST/TITLE/0168000/W0168222.png
168221,https://wine21.speedgabia.com/WINE_MST/TITLE/0168000/W0168221.png
168220,https://wine21.speedgabia.com/WINE_MST/TITLE/0168000/W0168220.png
168219,https://wine21.speedgabia.com/WINE_MST/TITLE/0168000/W0168219.png
168218,https://wine21.speedgabia.com/WINE_MST/TITLE/0168000/W0168218.png
168217,https://wine21.speedgabia.com/WINE_MST/TITLE/0168000/W0168217.png
168216,https://wine21.speedgabia.com/WINE_MST/TITLE/0168000/W0168216.png
168215,https://wine21.speedgabia.com/WINE_MST/TITLE/0168000/W0168215.png
168214,https://wine21.speedgabia.com/WINE_MST/TITLE/0168000/W0168214.png
168213,https://wine21.speedgabia.com/WINE_MST/TITLE/0168000/W0168213.png
168212,https://wine21.speedgabia.com/WINE_MST/TITLE/0168000/W0168212.png
168211,https://wine21.speedgabia.com/WINE_MST/TITLE/0168000/W0168211.png
168210,https://wine21.speedgabia.com/WINE_MST/TITLE/0168000/W0168210.png
168209,https://wine21.speedgabia.com/WINE_MST/TITLE/0168000/W0168209.png
168208,https://wine21.speedgabia.com/WINE_MST/TITLE/0168000/W0168208.png
168207,https://wine21.speedgabia.com/WINE_MST/TITLE/0168000/W0168207.png
168206,https://wine21.speedgabia.com/WINE_MST/TITLE/0168000/W0168206.png
168205,https://wine21.speedgabia.com/WINE_MST/TITLE/0168000/W0168205.png
168204,https://wine21.speedgabia.com/WINE_MST/TITLE/0168000/W0168204.png
168203,https://wine21.speedgabia.com/WINE_MST/TITLE/0168000/W0168203.png
168202,https://wine21.speedgabia.com/WINE_MST/TITLE/0168000/W0168202.png
168201,https://wine21.speedgabia.com/WINE_MST/TITLE/0168000/W0168201.png
168200,https://wine21.speedgabia.com/WINE_MST/TITLE/0168000/W0168200.png
168199,https://wine21.speedgabia.com/WINE_MST/TITLE/0168000/W0168199.png
168198,https://wine21.speedgabia.com/WINE_MST/TITLE/0168000/W0168198.png
168197,https://wine21.speedgabia.com/WINE_MST/TITLE/0168000/W0168197.png
168196,https://wine21.speedgabia.com/WINE_MST/TITLE/0168000/W0168196.png
168195,https://wine21.speedgabia.com/WINE_MST/TITLE/0168000/W0168195.png
168194,https://wine21.speedgabia.com/WINE_MST/TITLE/0168000/W0168194.png
168193,https://wine21.speedgabia.com/WINE_MST/TITLE/0168000/W0168193.png
168192,https://wine21.speedgabia.com/WINE_MST/TITLE/0168000/W0168192.png
168191,https://wine21.speedgabia.com/WINE_MST/TITLE/0168000/W0168191.png
168190,https://wine21.speedgabia.com/WINE_MST/TITLE/0168000/W0168190.png
168189,https://wine21.speedgabia.com/WINE_MST/TITLE/0168000/W0168189.png
168188,https://wine21.speedgabia.com/WINE_MST/TITLE/0168000/W0168188.png
168187,https://wine21.speedgabia.com/WINE_MST/TITLE/0168000/W0168187.png
168186,https://wine21.speedgabia.com/WINE_MST/TITLE/0168000/W0168186.png
168185,https://wine21.speedgabia.com/no_image2.jpg
168184,https://wine21.speedgabia.com/WINE_MST/TITLE/0168000/W0168184.png
168183,https://wine21.speedgabia.com/WINE_MST/TITLE/0168000/W0168183.png
168182,https://wine21.speedgabia.com/WINE_MST/TITLE/0168000/W0168182.png
168181,https://wine21.speedgabia.com/WINE_MST/TITLE/0168000/W0168181.png
168180,https://wine21.speedgabia.com/WINE_MST/TITLE/0168000/W0168180.png
168179,https://wine21.speedgabia.com/WINE_MST/TITLE/0168000/W0168179.png
168178,https://wine21.speedgabia.com/WINE_MST/TITLE/0168000/W0168178.png
168177,https://wine21.speedgabia.com/WINE_MST/TITLE/0168000/W0168177.png
168176,https://wine21.speedgabia.com/WINE_MST/TITLE/0168000/W0168176.png
168175,https://wine21.speedgabia.com/WINE_MST/TITLE/0168000/W0168175.png
168174,https://wine21.speedgabia.com/WINE_MST/TITLE/0168000/W0168174.png
168173,https://wine21.speedgabia.com/WINE_MST/TITLE/0168000/W0168173.png
168172,https://wine21.speedgabia.com/WINE_MST/TITLE/0168000/W0168172.png
168171,https://wine21.speedgabia.com/WINE_MST/TITLE/0168000/W0168171.png
168170,https://wine21.speedgabia.com/WINE_MST/TITLE/0168000/W0168170.png
168169,https://wine21.speedgabia.com/WINE_MST/TITLE/0168000/W0168169.png
168168,https://wine21.speedgabia.com/WINE_MST/TITLE/0168000/W0168168.png
168167,https://wine21.speedgabia.com/WINE_MST/TITLE/0168000/W0168167.png
168166,https://wine21.speedgabia.com/WINE_MST/TITLE/0168000/W0168166.png
168165,https://wine21.speedgabia.com/WINE_MST/TITLE/0168000/W0168165.png
168164,https://wine21.speedgabia.com/WINE_MST/TITLE/0168000/W0168164.png
168163,https://wine21.speedgabia.com/WINE_MST/TITLE/0168000/W0168163.png
168162,https://wine21.speedgabia.com/WINE_MST/TITLE/0168000/W0168162.png
168161,https://wine21.speedgabia.com/WINE_MST/TITLE/0168000/W0168161.png
168160,https://wine21.speedgabia.com/WINE_MST/TITLE/0168000/W0168160.png
168159,https://wine21.speedgabia.com/WINE_MST/TITLE/0168000/W0168159.png
168158,https://wine21.speedgabia.com/WINE_MST/TITLE/0168000/W0168158.png
168157,https://wine21.speedgabia.com/WINE_MST/TITLE/0168000/W0168157.png
168156,https://wine21.speedgabia.com/WINE_MST/TITLE/0168000/W0168156.png
168155,https://wine21.speedgabia.com/WINE_MST/TITLE/0168000/W0168155.png
168154,https://wine21.speedgabia.com/WINE_MST/TITLE/0168000/W0168154.png
168153,https://wine21.speedgabia.com/WINE_MST/TITLE/0168000/W0168153.png
168152,https://wine21.speedgabia.com/WINE_MST/TITLE/0168000/W0168152.png
168151,https://wine21.speedgabia.com/WINE_MST/TITLE/0168000/W0168151.png
168150,https://wine21.speedgabia.com/WINE_MST/TITLE/0168000/W0168150.png
168149,https://wine21.speedgabia.com/WINE_MST/TITLE/0168000/W0168149.png
168148,https://wine21.speedgabia.com/WINE_MST/TITLE/0168000/W0168148.png
168147,https://wine21.speedgabia.com/WINE_MST/TITLE/0168000/W0168147.png
168146,https://wine21.speedgabia.com/WINE_MST/TITLE/0168000/W0168146.png
168145,https://wine21.speedgabia.com/WINE_MST/TITLE/0168000/W0168145.png
168144,https://wine21.speedgabia.com/WINE_MST/TITLE/0168000/W0168144.png
168143,https://wine21.speedgabia.com/WINE_MST/TITLE/0168000/W0168143.png
168142,https://wine21.speedgabia.com/WINE_MST/TITLE/0168000/W0168142.png
168141,https://wine21.speedgabia.com/WINE_MST/TITLE/0168000/W0168141.png
168140,https://wine21.speedgabia.com/WINE_MST/TITLE/0168000/W0168140.png
168139,https://wine21.speedgabia.com/WINE_MST/TITLE/0168000/W0168139.png
168138,https://wine21.speedgabia.com/WINE_MST/TITLE/0168000/W0168138.png
168137,https://wine21.speedgabia.com/WINE_MST/TITLE/0168000/W0168137.png
168136,https://wine21.speedgabia.com/WINE_MST/TITLE/0168000/W0168136.png
168135,https://wine21.speedgabia.com/WINE_MST/TITLE/0168000/W0168135.png
168134,https://wine21.speedgabia.com/WINE_MST/TITLE/0168000/W0168134.png
168133,https://wine21.speedgabia.com/WINE_MST/TITLE/0168000/W0168133.png
168132,https://wine21.speedgabia.com/WINE_MST/TITLE/0168000/W0168132.png
168131,https://wine21.speedgabia.com/WINE_MST/TITLE/0168000/W0168131.png
168130,https://wine21.speedgabia.com/WINE_MST/TITLE/0168000/W0168130.png
168129,https://wine21.speedgabia.com/WINE_MST/TITLE/0168000/W0168129.png
168128,https://wine21.speedgabia.com/WINE_MST/TITLE/0168000/W0168128.png
168127,https://wine21.speedgabia.com/WINE_MST/TITLE/0168000/W0168127.png
168126,https://wine21.speedgabia.com/WINE_MST/TITLE/0168000/W0168126.png
168125,https://wine21.speedgabia.com/WINE_MST/TITLE/0168000/W0168125.png
168124,https://wine21.speedgabia.com/WINE_MST/TITLE/0168000/W0168124.png
168123,https://wine21.speedgabia.com/WINE_MST/TITLE/0168000/W0168123.png
168122,https://wine21.speedgabia.com/WINE_MST/TITLE/0168000/W0168122.png
168121,https://wine21.speedgabia.com/WINE_MST/TITLE/0168000/W0168121.png
168120,https://wine21.speedgabia.com/WINE_MST/TITLE/0168000/W0168120.png
168119,https://wine21.speedgabia.com/WINE_MST/TITLE/0168000/W0168119.png
168118,https://wine21.speedgabia.com/WINE_MST/TITLE/0168000/W0168118.png
168117,https://wine21.speedgabia.com/WINE_MST/TITLE/0168000/W0168117.png
168116,https://wine21.speedgabia.com/WINE_MST/TITLE/0168000/W0168116.png
168115,https://wine21.speedgabia.com/WINE_MST/TITLE/0168000/W0168115.png
168114,https://wine21.speedgabia.com/WINE_MST/TITLE/0168000/W0168114.png
168113,https://wine21.speedgabia.com/WINE_MST/TITLE/0168000/W0168113.png
168112,https://wine21.speedgabia.com/WINE_MST/TITLE/0168000/W0168112.png
168111,https://wine21.speedgabia.com/WINE_MST/TITLE/0168000/W0168111.png
168110,https://wine21.speedgabia.com/WINE_MST/TITLE/0168000/W0168110.png
168109,https://wine21.speedgabia.com/WINE_MST/TITLE/0168000/W0168109.png
168108,https://wine21.speedgabia.com/WINE_MST/TITLE/0168000/W0168108.png
168107,https://wine21.speedgabia.com/no_image2.jpg
168106,https://wine21.speedgabia.com/WINE_MST/TITLE/0168000/W0168106.png
168105,https://wine21.speedgabia.com/WINE_MST/TITLE/0168000/W0168105.png
168104,https://wine21.speedgabia.com/WINE_MST/TITLE/0168000/W0168104.png
168103,https://wine21.speedgabia.com/no_image2.jpg
168102,https://wine21.speedgabia.com/WINE_MST/TITLE/0168000/W0168102.png
168101,https://wine21.speedgabia.com/WINE_MST/TITLE/0168000/W0168101.png
168100,https://wine21.speedgabia.com/WINE_MST/TITLE/0168000/W0168100.png
168099,https://wine21.speedgabia.com/WINE_MST/TITLE/0168000/W0168099.png
168098,https://wine21.speedgabia.com/WINE_MST/TITLE/0168000/W0168098.png
168097,https://wine21.speedgabia.com/WINE_MST/TITLE/0168000/W0168097.png
168096,https://wine21.speedgabia.com/WINE_MST/TITLE/0168000/W0168096.png
168095,https://wine21.speedgabia.com/WINE_MST/TITLE/0168000/W0168095.png
168094,https://wine21.speedgabia.com/WINE_MST/TITLE/0168000/W0168094.png
168093,https://wine21.speedgabia.com/WINE_MST/TITLE/0168000/W0168093.png
168092,https://wine21.speedgabia.com/WINE_MST/TITLE/0168000/W0168092.png
168091,https://wine21.speedgabia.com/WINE_MST/TITLE/0168000/W0168091.png
168090,https://wine21.speedgabia.com/WINE_MST/TITLE/0168000/W0168090.png
168089,https://wine21.speedgabia.com/WINE_MST/TITLE/0168000/W0168089.png
168088,https://wine21.speedgabia.com/WINE_MST/TITLE/0168000/W0168088.png
168087,https://wine21.speedgabia.com/WINE_MST/TITLE/0168000/W0168087.png
168086,https://wine21.speedgabia.com/WINE_MST/TITLE/0168000/W0168086.png
168085,https://wine21.speedgabia.com/WINE_MST/TITLE/0168000/W0168085.png
168084,https://wine21.speedgabia.com/WINE_MST/TITLE/0168000/W0168084.png
168083,https://wine21.speedgabia.com/WINE_MST/TITLE/0168000/W0168083.png
168082,https://wine21.speedgabia.com/WINE_MST/TITLE/0168000/W0168082.png
168081,https://wine21.speedgabia.com/WINE_MST/TITLE/0168000/W0168081.png
168080,https://wine21.speedgabia.com/WINE_MST/TITLE/0168000/W0168080.png
168079,https://wine21.speedgabia.com/WINE_MST/TITLE/0168000/W0168079.png
168078,https://wine21.speedgabia.com/WINE_MST/TITLE/0168000/W0168078.png
168077,https://wine21.speedgabia.com/WINE_MST/TITLE/0168000/W0168077.png
168076,https://wine21.speedgabia.com/WINE_MST/TITLE/0168000/W0168076.png
168075,https://wine21.speedgabia.com/WINE_MST/TITLE/0168000/W0168075.png
168074,https://wine21.speedgabia.com/WINE_MST/TITLE/0168000/W0168074.png
168073,https://wine21.speedgabia.com/WINE_MST/TITLE/0168000/W0168073.png
168072,https://wine21.speedgabia.com/WINE_MST/TITLE/0168000/W0168072.png
168071,https://wine21.speedgabia.com/WINE_MST/TITLE/0168000/W0168071.png
168070,https://wine21.speedgabia.com/WINE_MST/TITLE/0168000/W0168070.png
168069,https://wine21.speedgabia.com/WINE_MST/TITLE/0168000/W0168069.png
168068,https://wine21.speedgabia.com/WINE_MST/TITLE/0168000/W0168068.png
168067,https://wine21.speedgabia.com/WINE_MST/TITLE/0168000/W0168067.png
168066,https://wine21.speedgabia.com/WINE_MST/TITLE/0168000/W0168066.png
168065,https://wine21.speedgabia.com/WINE_MST/TITLE/0168000/W0168065.png
168064,https://wine21.speedgabia.com/WINE_MST/TITLE/0168000/W0168064.png
168063,https://wine21.speedgabia.com/WINE_MST/TITLE/0168000/W0168063.png
168062,https://wine21.speedgabia.com/WINE_MST/TITLE/0168000/W0168062.png
168061,https://wine21.speedgabia.com/WINE_MST/TITLE/0168000/W0168061.png
168060,https://wine21.speedgabia.com/WINE_MST/TITLE/0168000/W0168060.png
168059,https://wine21.speedgabia.com/WINE_MST/TITLE/0168000/W0168059.png
168058,https://wine21.speedgabia.com/WINE_MST/TITLE/0168000/W0168058.png
168057,https://wine21.speedgabia.com/WINE_MST/TITLE/0168000/W0168057.png
168056,https://wine21.speedgabia.com/WINE_MST/TITLE/0168000/W0168056.png
168055,https://wine21.speedgabia.com/WINE_MST/TITLE/0168000/W0168055.png
168054,https://wine21.speedgabia.com/WINE_MST/TITLE/0168000/W0168054.png
168053,https://wine21.speedgabia.com/WINE_MST/TITLE/0168000/W0168053.png
168052,https://wine21.speedgabia.com/WINE_MST/TITLE/0168000/W0168052.png
168051,https://wine21.speedgabia.com/WINE_MST/TITLE/0168000/W0168051.png
168050,https://wine21.speedgabia.com/WINE_MST/TITLE/0168000/W0168050.png
168049,https://wine21.speedgabia.com/WINE_MST/TITLE/0168000/W0168049.png
168048,https://wine21.speedgabia.com/WINE_MST/TITLE/0168000/W0168048.png
168047,https://wine21.speedgabia.com/WINE_MST/TITLE/0168000/W0168047.png
168046,https://wine21.speedgabia.com/WINE_MST/TITLE/0168000/W0168046.png
168045,https://wine21.speedgabia.com/WINE_MST/TITLE/0168000/W0168045.png
168044,https://wine21.speedgabia.com/WINE_MST/TITLE/0168000/W0168044.png
168043,https://wine21.speedgabia.com/WINE_MST/TITLE/0168000/W0168043.png
168042,https://wine21.speedgabia.com/no_image2.jpg
168041,https://wine21.speedgabia.com/WINE_MST/TITLE/0168000/W0168041.png
168040,https://wine21.speedgabia.com/WINE_MST/TITLE/0168000/W0168040.png
168039,https://wine21.speedgabia.com/WINE_MST/TITLE/0168000/W0168039.png
168038,https://wine21.speedgabia.com/WINE_MST/TITLE/0168000/W0168038.png
168037,https://wine21.speedgabia.com/WINE_MST/TITLE/0168000/W0168037.png
168036,https://wine21.speedgabia.com/WINE_MST/TITLE/0168000/W0168036.png
168035,https://wine21.speedgabia.com/WINE_MST/TITLE/0168000/W0168035.png
168034,https://wine21.speedgabia.com/WINE_MST/TITLE/0168000/W0168034.png
168033,https://wine21.speedgabia.com/WINE_MST/TITLE/0168000/W0168033.png
168032,https://wine21.speedgabia.com/WINE_MST/TITLE/0168000/W0168032.png
168031,https://wine21.speedgabia.com/WINE_MST/TITLE/0168000/W0168031.png
168030,https://wine21.speedgabia.com/no_image2.jpg
168029,https://wine21.speedgabia.com/WINE_MST/TITLE/0168000/W0168029.png
168028,https://wine21.speedgabia.com/WINE_MST/TITLE/0168000/W0168028.png
168027,https://wine21.speedgabia.com/WINE_MST/TITLE/0168000/W0168027.png
168026,https://wine21.speedgabia.com/WINE_MST/TITLE/0168000/W0168026.png
168025,https://wine21.speedgabia.com/WINE_MST/TITLE/0168000/W0168025.png
168024,https://wine21.speedgabia.com/WINE_MST/TITLE/0168000/W0168024.png
168023,https://wine21.speedgabia.com/WINE_MST/TITLE/0168000/W0168023.png
168022,https://wine21.speedgabia.com/WINE_MST/TITLE/0168000/W0168022.png
168021,https://wine21.speedgabia.com/WINE_MST/TITLE/0168000/W0168021.png
168020,https://wine21.speedgabia.com/WINE_MST/TITLE/0168000/W0168020.png
168019,https://wine21.speedgabia.com/WINE_MST/TITLE/0168000/W0168019.png
168018,https://wine21.speedgabia.com/WINE_MST/TITLE/0168000/W0168018.png
168017,https://wine21.speedgabia.com/WINE_MST/TITLE/0168000/W0168017.png
168016,https://wine21.speedgabia.com/WINE_MST/TITLE/0168000/W0168016.png
168015,https://wine21.speedgabia.com/WINE_MST/TITLE/0168000/W0168015.png
168014,https://wine21.speedgabia.com/WINE_MST/TITLE/0168000/W0168014.png
168013,https://wine21.speedgabia.com/WINE_MST/TITLE/0168000/W0168013.png
168012,https://wine21.speedgabia.com/WINE_MST/TITLE/0168000/W0168012.png
168011,https://wine21.speedgabia.com/WINE_MST/TITLE/0168000/W0168011.png
168010,https://wine21.speedgabia.com/WINE_MST/TITLE/0168000/W0168010.png
168009,https://wine21.speedgabia.com/WINE_MST/TITLE/0168000/W0168009.png
168008,https://wine21.speedgabia.com/WINE_MST/TITLE/0168000/W0168008.png
168007,https://wine21.speedgabia.com/WINE_MST/TITLE/0168000/W0168007.png
168006,https://wine21.speedgabia.com/WINE_MST/TITLE/0168000/W0168006.png
168005,https://wine21.speedgabia.com/no_image2.jpg
168004,https://wine21.speedgabia.com/no_image2.jpg
168003,https://wine21.speedgabia.com/no_image2.jpg
168002,https://wine21.speedgabia.com/no_image2.jpg
168001,https://wine21.speedgabia.com/no_image2.jpg
168000,https://wine21.speedgabia.com/no_image2.jpg
167999,https://wine21.speedgabia.com/no_image2.jpg
167998,https://wine21.speedgabia.com/no_image2.jpg
167997,https://wine21.speedgabia.com/no_image2.jpg
167996,https://wine21.speedgabia.com/WINE_MST/TITLE/0167000/W0167996.png
167995,https://wine21.speedgabia.com/no_image2.jpg
167994,https://wine21.speedgabia.com/WINE_MST/TITLE/0167000/W0167994.png
167993,https://wine21.speedgabia.com/no_image2.jpg
167992,https://wine21.speedgabia.com/no_image2.jpg
167991,https://wine21.speedgabia.com/no_image2.jpg
167990,https://wine21.speedgabia.com/no_image2.jpg
167989,https://wine21.speedgabia.com/no_image2.jpg
167988,https://wine21.speedgabia.com/no_image2.jpg
167987,https://wine21.speedgabia.com/WINE_MST/TITLE/0167000/W0167987.png
167986,https://wine21.speedgabia.com/WINE_MST/TITLE/0167000/W0167986.png
167985,https://wine21.speedgabia.com/WINE_MST/TITLE/0167000/W0167985.png
167984,https://wine21.speedgabia.com/WINE_MST/TITLE/0167000/W0167984.png
167983,https://wine21.speedgabia.com/WINE_MST/TITLE/0167000/W0167983.png
167982,https://wine21.speedgabia.com/WINE_MST/TITLE/0167000/W0167982.png
167981,https://wine21.speedgabia.com/WINE_MST/TITLE/0167000/W0167981.png
167980,https://wine21.speedgabia.com/WINE_MST/TITLE/0167000/W0167980.png
167979,https://wine21.speedgabia.com/WINE_MST/TITLE/0167000/W0167979.png
167978,https://wine21.speedgabia.com/WINE_MST/TITLE/0167000/W0167978.png
167977,https://wine21.speedgabia.com/WINE_MST/TITLE/0167000/W0167977.png
167976,https://wine21.speedgabia.com/WINE_MST/TITLE/0167000/W0167976.png
167975,https://wine21.speedgabia.com/WINE_MST/TITLE/0167000/W0167975.png
167974,https://wine21.speedgabia.com/WINE_MST/TITLE/0167000/W0167974.png
167973,https://wine21.speedgabia.com/WINE_MST/TITLE/0167000/W0167973.png
167972,https://wine21.speedgabia.com/WINE_MST/TITLE/0167000/W0167972.png
167971,https://wine21.speedgabia.com/WINE_MST/TITLE/0167000/W0167971.png
167970,https://wine21.speedgabia.com/WINE_MST/TITLE/0167000/W0167970.png
167969,https://wine21.speedgabia.com/WINE_MST/TITLE/0167000/W0167969.png
167968,https://wine21.speedgabia.com/WINE_MST/TITLE/0167000/W0167968.png
167967,https://wine21.speedgabia.com/WINE_MST/TITLE/0167000/W0167967.png
167966,https://wine21.speedgabia.com/WINE_MST/TITLE/0167000/W0167966.png
167965,https://wine21.speedgabia.com/WINE_MST/TITLE/0167000/W0167965.png
167964,https://wine21.speedgabia.com/WINE_MST/TITLE/0167000/W0167964.png
167963,https://wine21.speedgabia.com/WINE_MST/TITLE/0167000/W0167963.png
167962,https://wine21.speedgabia.com/WINE_MST/TITLE/0167000/W0167962.png
167961,https://wine21.speedgabia.com/WINE_MST/TITLE/0167000/W0167961.png
167960,https://wine21.speedgabia.com/WINE_MST/TITLE/0167000/W0167960.png
167959,https://wine21.speedgabia.com/WINE_MST/TITLE/0167000/W0167959.png
167958,https://wine21.speedgabia.com/WINE_MST/TITLE/0167000/W0167958.png
167957,https://wine21.speedgabia.com/WINE_MST/TITLE/0167000/W0167957.png
167956,https://wine21.speedgabia.com/WINE_MST/TITLE/0167000/W0167956.png
